{
  "id": 2,
  "title": { "small": "E-commerce", "big": "Alcarrito" },
  "clientURLLink": "#",
  "projectHeaderImage": "/img/portfolio/project2/portadaAlcarrito.jpg",
  "projectHeaderImageMobil": "/img/portfolio/project2/carritoBraveMovile.jpg",
  "videoLink": "766908163",
  "video": "https://vimeo.com/766908163",
  "clientURLName": "ALCARRITO",
  "date": "NOVIEMBRE 2022",
  "next": "/img/portfolio/project2/circuloAlcarrito.jpg",
  "categories": [
    {
      "id": 1,
      "name": "CREATIVITY",
      "link": "#"
    },
    {
      "id": 2,
      "name": "FILMS",
      "link": "#"
    }
  ],
  "tags": [
    {
      "id": 1,
      "name": "E-COMMERCE",
      "link": "#"
    }
  ],
  "intro": {
    "content": "En Colombia, el comercio electrónico y el emprendimiento han experimentado un crecimiento constante. Tanto es así que, según un informe del 2021 de la Cámara Colombiana de Comercio Electrónico, el comercio electrónico ha sido categorizado como un campo lleno de oportunidades. Este fenómeno ha traído consigo diversos desafíos, ya que para los emprendedores es cada vez más crucial lograr entregas más eficientes en términos de tiempo y con la menor fricción de costos posible.",
    "spmList": [
      {
        "id": 1,
        "name": "Aenean sollicitudin"
      },
      {
        "id": 2,
        "name": "lorem quis bibendum auctor"
      },
      {
        "id": 31,
        "name": "nisi elit conseq uat ipsum"
      },
      {
        "id": 4,
        "name": "nec sagittis sem nibh id elit"
      }
    ]
  },
  "gallery": [
    "/img/portfolio/project2/enano-alcarrito.jpg",
    "/img/portfolio/project2/frame-2.jpg",
    "/img/portfolio/project2/frame-3.jpg",
    "/img/portfolio/project2/frame-4.jpg",
    "/img/portfolio/project2/1400_600_alcarrito.jpg"
  ],
  "description": {
    "content": "Ante esta realidad decidimos darle vida a Alcarrito.com, el primer marketplace ideado como producto desde la agencia para desafiar el mercado, un sitio donde la letra pequeña no existe, donde el objetivo es hacer un comercio electrónico más justo para todos los actores del ecosistema. La campaña fue una respuesta a los abusos y la falta de empatía con los emprendedores del país."
  }
}
