{
  "id": 2,
  "title": { "small": "INTER RAPIDÍSIMO", "big": "Mundo sin Plástico" },
  "clientURLLink": "#",
  "projectHeaderImage": "/img/portfolio/project2/portada_mundo_sin_plastico.jpg",
  "projectHeaderImageMobil": "/img/portfolio/project2/plasticoMobile.jpg",
  "videoLink": "838841453",
  "video": "https://vimeo.com/838841453",
  "clientURLName": "INTER RAPIDÍSIMO",
  "date": "MARZO DE 2023",
  "next": "/img/portfolio/project2/circulo.jpg",
  "categories": [
    {
      "id": 1,
      "name": "PR",
      "link": "#"
    },
    {
      "id": 2,
      "name": "CREATIVITY",
      "link": "#"
    },
    {
      "id": 3,
      "name": "FILMS",
      "link": "#"
    },
    {
      "id": 4,
      "name": "STRATEGY",
      "link": "#"
    },
    {
      "id": 5,
      "name": "DEV",
      "link": "#"
    }

  ],
  "tags": [
    {
      "id": 1,
      "name": "MUNDO SIN PLÁSTICO",
      "link": "#"
    },
    {
      "id": 2,
      "name": "BALLENAS",
      "link": "#"
    },
    {
      "id": 3,
      "name": "MEDIO AMBIENTE",
      "link": "#"
    }
  ],
  "intro": {
    "content": "La contaminación por el uso indebido del plástico está llegando a un punto de no retorno. Actualmente, existen 3 grandes islas de estos desechos flotando libremente por los océanos, una de ellas supera el tamaño del estado de Texas en los Estados Unidos. Inter Rapidísimo decidió hacer algo, promover el empleo responsable del plástico en Colombia, o usar alternativas a este material, como su nueva bolsa hecha a base de yuca que al contacto con el agua, se convierte en comida para peces.",
    "spmList": [
      {
        "id": 1,
        "name": "Aenean sollicitudin"
      },
      {
        "id": 2,
        "name": "lorem quis bibendum auctor"
      },
      {
        "id": 31,
        "name": "nisi elit conseq uat ipsum"
      },
      {
        "id": 4,
        "name": "nec sagittis sem nibh id elit"
      }
    ]
  },
  "gallery": [
    "/img/portfolio/project2/camaron1.png",
    "/img/portfolio/project2/iguana3.png",
    "/img/portfolio/project2/pulpo2.png",
    "/img/portfolio/project2/tiburon4.png",
    "/img/portfolio/project2/1400_600_mundo_sin_plastico.jpg"
  ],
  "description": {
    "content": "Para lanzar esta innovación, primero mostraremos los estragos que inspiraron su creación, por ello, en <a class='mun' target='_blank' href='https://mundosinplastico.com/'>mundosinlastico.com</a> expusimos 50 nuevas especies descubiertas en Colombia, especies que no deberían existir, pero  que allí están, siendo un recordatorio de lo que el plástico mal desechado puede llegar a causar."
  }
}
