[
  {
    "id": 1,
    "title": "Build a Beautiful Blog With Ease",
    "content": "My job is simple and sophisticated, so it is possible to describe and simple, and flowery language. I love the feel and sophistication of its superiority. I like people with a keen mind and at the same time easy to talk to. These qualities can be combined perfectly natural. However, things like people look miserable, if these properties are connected.",
    "image": "/img/blog/b1.jpg",
    "tags": ["WordPress", "Themeforest", "Vie"],
    "date": {
      "day": "07",
      "month": "August"
    }
  },
  {
    "id": 2,
    "title": "Build a Beautiful Blog With Ease",
    "content": "My job is simple and sophisticated, so it is possible to describe and simple, and flowery language. I love the feel and sophistication of its superiority. I like people with a keen mind and at the same time easy to talk to. These qualities can be combined perfectly natural. However, things like people look miserable, if these properties are connected.",
    "image": "/img/blog/b2.jpg",
    "tags": ["WordPress", "Themeforest", "Vie"],
    "date": {
      "day": "07",
      "month": "August"
    }
  },
  {
    "id": 3,
    "title": "Build a Beautiful Blog With Ease",
    "content": "My job is simple and sophisticated, so it is possible to describe and simple, and flowery language. I love the feel and sophistication of its superiority. I like people with a keen mind and at the same time easy to talk to. These qualities can be combined perfectly natural. However, things like people look miserable, if these properties are connected.",
    "image": "/img/blog/b3.jpg",
    "tags": ["WordPress", "Themeforest", "Vie"],
    "date": {
      "day": "07",
      "month": "August"
    }
  },
  {
    "id": 4,
    "title": "Build a Beautiful Blog With Ease",
    "content": "My job is simple and sophisticated, so it is possible to describe and simple, and flowery language. I love the feel and sophistication of its superiority. I like people with a keen mind and at the same time easy to talk to. These qualities can be combined perfectly natural. However, things like people look miserable, if these properties are connected.",
    "image": "/img/blog/b4.jpg",
    "tags": ["WordPress", "Themeforest", "Vie"],
    "date": {
      "day": "07",
      "month": "August"
    }
  }
]
