{
  "id": 2,
  "title": { "small": "MÉTODO DE PAGO", "big": "Pago en Casa" },
  "clientURLLink": "#",
  "projectHeaderImage": "/img/portfolio/project2/full_page_frame.jpg",
  "projectHeaderImageMobil": "/img/portfolio/project2/pagoCasaMobile.jpg",
  "videoLink": "838841737",
  "video": "https://vimeo.com/838841737",
  "clientURLName": "INTER RAPIDISIMO",
  "date": "JUL 2022",
  "next": "/img/portfolio/project2/circuloPagoenCasa.jpg",
  "categories": [
    {
      "id": 1,
      "name": "BRAVE",
      "link": "#"
    },
    {
      "id": 2,
      "name": "PR",
      "link": "#"
    },
    {
      "id": 3,
      "name": "CREATIVITY",
      "link": "#"
    },
    {
      "id": 4,
      "name": "FILMS",
      "link": "#"
    }
  ],
  "tags": [
    {
      "id": 1,
      "name": "PAGO EN CASA",
      "link": "#"
    },
    {
      "id": 2,
      "name": "INTER RAPIDÍSIMO",
      "link": "#"
    }
  ],
  "intro": {
    "content": "La pandemia trajo consigo un crecimiento rápido de transacciones y compras por internet, tristemente, también trajo consigo, estafas y pérdidas en emprendimientos y comercios que apenas se estaban adaptando a este modelo de negocio electrónico.",
    "contentDos": "Para devolverle la confianza a los colombianos, Inter Rapidísimo lanzó Pago en Casa, un método de pago  que le permite a los sellers, recibir el dinero de cada venta en cualquier cuenta bancaria. Y a los compradores, revisar sus compras antes de pagar por ellas.",
    "spmList": [
      {
        "id": 1,
        "name": "Aenean sollicitudin"
      },
      {
        "id": 2,
        "name": "lorem quis bibendum auctor"
      },
      {
        "id": 31,
        "name": "nisi elit conseq uat ipsum"
      },
      {
        "id": 4,
        "name": "nec sagittis sem nibh id elit"
      }
    ]
  },
  "gallery": [
    "/img/portfolio/project2/post_1_pago_en_casa_pauta.jpg",
    "/img/portfolio/project2/frame_2_pago_en_casa.jpg",
    "/img/portfolio/project2/frame_4_pago_en_casa.jpg",
    "/img/portfolio/project2/post_chica.jpg",
    "/img/portfolio/project2/1400_600_Pago_en_Casa.jpg"
  ],
  "description": {
    "content": "Hablamos con Tatán Mejía deportista e influencer colombiano con gran audiencia y quien en su momento estaba participando en el reality show Máster Chef. Días antes de la gran final, Tatán compartió en sus redes que pidió una tablet por internet y lo que le llegó en la caja fue una tabla para picar.",
    "contentDos": "Durante dos días todos los medios del país compartieron la noticia, y fue tanto el ruido, que Tatán nos pidió adelantar la revelación de la campaña porque a su cuenta no paraba de llegarle preguntas y mensajes de aliento con esta situación. El día del lanzamiento fue durante la tanda de comerciales de la final de Máster Chef, el influenciador compartió nuestro comercial como solución a su episodio con la tablet."
  }
}
