[
    {
        "id": 1,
        "title": "#WEGO",
        "content": "Fifa World Cup Qatar 2022®",
        "company":"Inter Rapidísimo",
        "image": "/img/slid/chicas.jpg",
        "video": "https://vimeo.com/838807359?share=copy",
        "idVimeo":"838807359",
        "url": "/project-details2/inter"
    },
    {
        "id": 2,
        "title": "Mundo sin Plástico",
        "content": "Ayúdanos a extinguir un mundo lleno de plástico",
        "company":"Inter Rapidísimo",
        "image": "/img/slid/03.jpg",
        "video": "https://vimeo.com/838806090?share=copy",
        "idVimeo":"127203262",
        "url": "/project-details2/mundosinplastico"
    },
    {
        "id": 3,
        "title": "Alcarrito",
        "content": "100% de tod@s",
        "company":"Alcarrito",
        "image": "/img/slid/01.jpg",
        "video": "https://vimeo.com/838815313?share=copy",
        "url": "/project-details2/alcarrito"
    },
    {
        "id": 4,
        "title": "Pago en Casa",
        "content": "Paga cuando recibas y revises tus productos",
        "company":"Inter Rapidísimo",
        "image": "/img/slid/01.jpg",
        "video": "https://vimeo.com/838806054?share=copy",
        "url": "/project-details2/pagoencasa"
    }
]