[
  {
    "id": 1,
    "title": {
      "first": "Private",
      "second": "Houses Turnkey"
    },
    "content": "We developed strong relationships with contractors and specialist companies offering discounted prices.",
    "image": "/img/arch/slid/1.jpg"
  },
  {
    "id": 2,
    "title": "Dustin Villa, Spain",
    "content": "We developed strong relationships with contractors and specialist companies offering discounted prices.",
    "image": "/img/arch/slid/3.jpg"
  },
  {
    "id": 3,
    "title": {
      "first": "Innovative",
      "second": "Architectures"
    },
    "content": "We developed strong relationships with contractors and specialist companies offering discounted prices.",
    "image": "/img/arch/slid/2.jpg"
  }
]
