[
  {
    "id": 1,
    "title": "art & illustration",
    "secTex": "Innovation and Crafts",
    "image": "/img/portfolio/metro/01.jpg",
    "slug": "/project-details2/project-details2-dark"
  },
  {
    "id": 2,
    "title": "art & illustration",
    "secTex": "Inspiring new space",
    "image": "/img/portfolio/metro/02.jpg",
    "slug": "/project-details2/project-details2-dark"
  },
  {
    "id": 3,
    "title": "art & illustration",
    "secTex": "Natural plus modern",
    "image": "/img/portfolio/metro/03.jpg",
    "slug": "/project-details2/project-details2-dark"
  },
  {
    "id": 4,
    "title": "art & illustration",
    "secTex": "Innovation and Crafts",
    "image": "/img/portfolio/metro/04.jpg",
    "slug": "/project-details2/project-details2-dark"
  },
  {
    "id": 5,
    "title": "art & illustration",
    "secTex": "Natural plus modern",
    "image": "/img/portfolio/metro/05.jpg",
    "slug": "/project-details2/project-details2-dark"
  }
]
