[
    {
        "id": 1,
        "title": "How to use solid color combine with simple furnitures.",
        "content": "My job is simple and sophisticated, so it is possible to describe and simple, and flowery language. I love the feel and sophistication of its superiority. I like people with a keen mind and at the same time easy to talk to. These qualities can be combined perfectly natural. However, things like people look miserable, if these properties are connected.",
        "image": "/img/blog/l1.jpg",
        "tags": ["WordPress", "Themeforest", "Vie"],
        "date": {
            "day": "07",
            "month": "August"
        }
    },
    {
        "id": 2,
        "title": "Build a Beautiful Blog With Ease",
        "content": "My job is simple and sophisticated, so it is possible to describe and simple, and flowery language. I love the feel and sophistication of its superiority. I like people with a keen mind and at the same time easy to talk to. These qualities can be combined perfectly natural. However, things like people look miserable, if these properties are connected.",
        "image": "/img/blog/l2.jpg",
        "tags": ["WordPress"],
        "date": {
            "day": "07",
            "month": "August"
        }
    },
    {
        "id": 3,
        "title": "Build a Beautiful Blog With Ease",
        "content": "My job is simple and sophisticated, so it is possible to describe and simple, and flowery language. I love the feel and sophistication of its superiority. I like people with a keen mind and at the same time easy to talk to. These qualities can be combined perfectly natural. However, things like people look miserable, if these properties are connected.",
        "image": "/img/blog/l3.jpg",
        "tags": ["WordPress", "Themeforest", "Vie"],
        "date": {
            "day": "07",
            "month": "August"
        }
    } 
]