{
  "id": 2,
  "title": { "small": "Inter Rapidísimo", "big": "#WEGO" },
  "clientURLLink": "#",
  "projectHeaderImage": "/img/portfolio/project2/bg-chicas.jpg",
  "videoLink": "838737562",
  "clientURLName": "INTER RAPIDISIMO",
  "date": "NOVIEMBRE 2022",
  "categories": [
    {
      "id": 1,
      "name": "PR",
      "link": "#"
    },
    {
      "id": 2,
      "name": "CREATIVITY",
      "link": "#"
    },
    {
      "id": 3,
      "name": "FILMS",
      "link": "#"
    }
  ],
  "tags": [
    {
      "id": 1,
      "name": "WEGO",
      "link": "#"
    },
    {
      "id": 2,
      "name": "FUTBOL",
      "link": "#"
    },
    {
      "id": 3,
      "name": "LINDA CAICEDO",
      "link": "#"
    }
  ],
  "intro": {
    "content": "Los salarios y contratos de las jugadoras no se acercan en lo mínimo al de sus colegas masculinos, además, hay jugadoras a las que se les hace contrato por máximo 4 meses al año. Por esto, antes, durante y después de su temporada deportiva tienen que buscar trabajos alternos para cubrir sus gastos. Así que decidimos hacer algo.",
    "spmList": [
      {
        "id": 1,
        "name": "Aenean sollicitudin"
      },
      {
        "id": 2,
        "name": "lorem quis bibendum auctor"
      },
      {
        "id": 31,
        "name": "nisi elit conseq uat ipsum"
      },
      {
        "id": 4,
        "name": "nec sagittis sem nibh id elit"
      }
    ]
  },
  "gallery": [
    "/img/portfolio/project2/1.jpg",
    "/img/portfolio/project2/2.jpg",
    "/img/portfolio/project2/3.jpg",
    "/img/portfolio/project2/5.jpg",
    "/img/portfolio/project2/7.jpg"
  ],
  "description": {
    "content": "Patrocinamos el mundial de fútbol masculino, para hacer protagonista el fútbol femenino. Lanzamos nuestra campaña durante la Copa Mundial de la FIFA Qatar 2022, cerramos esta pieza con una frase que puso a hablar a los “amantes del fútbol” “El fútbol es un deporte para mujeres que los hombres aprendieron a jugar”. Muchos hablaron de las jugadoras de fútbol femenino, durante un mundial de fútbol masculino. El 18 de diciembre de 2022 en el estadio Icónico de Lusail se hizo historia porque hubo un gran campeón, y porque Linda alzó los brazos poniendo a hablar al mundo sobre su mensaje, el fútbol femenino y por supuesto haciendo efectiva esta campaña."
  }
}
