[
    {
        "id": 1,
        "title": {"first": "#IREMOS"},
        "image": "/img/portfolio/full/chicas.jpg",
        "sub": "Design"
    },
    {
      "id": 2,
      "title": { "first": "Mundo", "second": "Sin plástico" },
      "image": "/img/portfolio/full/mundo-sin-plastico.jpg",
      "sub": "Design"
    },
    {
      "id": 3,
      "title": { "first": "ALCARRITO"},
      "image": "/img/portfolio/full/banner-principal.jpg",
      "sub": "Design"
    },
    {
      "id": 4,
      "title": { "first": "Nuestras", "second": "Campañas" },
      "image": "/img/portfolio/full/banner-campana.jpg",
      "sub": "Design"
    }
    
]