{
  "id": 1,
  "image1": "/img/intro/1.jpg",
  "image2": "/img/intro/3.jpg",
  "image3": "/img/intro/2.jpg",
  "smallTitle": "Nosotros",
  "title": { "first": "Valentía es lo que hace", "second": "que nuestro trabajo" },
  "content": "Entendemos a las diferentes audiencias y desarrollamos proyectos valientes, que quedan en la mente de todas las personas.",
  "features": [
    {
      "id": 1,
      "icon": "gleam",
      "name": { "first": "Pixel", "second": "Perfect" },
      "wowDelay": ".3s"
    },
    {
      "id": 2,
      "icon": "paint-bucket",
      "name": { "first": "Creative", "second": "Design" },
      "wowDelay": ".5s"
    },
    {
      "id": 3,
      "icon": "medal",
      "name": { "first": "Heigh", "second": "Perfomance" },
      "wowDelay": ".8s"
    }
  ]
}
