[
    {
        "id": 1,
        
        "darkImage": "/img/clients/brands/dark/logo-Inter.png",
        "url": "interrapidisimo.com"
    },
    {
        "id": 2,
        
        "darkImage": "/img/clients/brands/dark/alcarrito.png",
        "url": "alcarrito.com"
    },
    {
        "id": 3,
        
        "darkImage": "/img/clients/brands/dark/03.png",
        "url": "www.Vie.com"
    },
    {
        "id": 4,
        
        "darkImage": "/img/clients/brands/dark/04.png",
        "url": "www.Vie.com"
    },
    {
        "id": 5,
        
        "darkImage": "/img/clients/brands/dark/05.png",
        "url": "www.Vie.com"
    },
    {
        "id": 6,
        
        "darkImage": "/img/clients/brands/dark/06.png",
        "url": "www.Vie.com"
    },
    {
        "id": 7,
        
        "darkImage": "/img/clients/brands/dark/07.png",
        "url": "www.Vie.com"
    },
    {
        "id": 8,
        
        "darkImage": "/img/clients/brands/dark/08.png",
        "url": "www.Vie.com"
    }
]