[
    {
        "id": 1,
        "title": "#WEGO",
        "content": "Fifa World Cup Qatar 2022®",
        "company":"Inter Rapidísimo",
        "image": "/img/portfolio/project2/bg-chicas.jpg",
        "video": "https://vimeo.com/838807359?share=copy",
        "mobileVideo": "https://vimeo.com/840510890?share=copy",
        "idVimeo":"838807359",
        "url": "/proyectos/inter"
    },
    {
        "id": 2,
        "title": "Mundo sin Plástico",
        "content": "Ayúdanos a extinguir un mundo lleno de plástico",
        "company":"Inter Rapidísimo",
        "image": "/img/portfolio/project2/portada_mundo_sin_plastico.jpg",
        "mobileImage": "",
        "video": "https://vimeo.com/838806090?share=copy",
        "mobileVideo": "https://vimeo.com/841369867?share=copy",
        "idVimeo":"127203262",
        "url": "/proyectos/mundosinplastico"
    },
    {
        "id": 3,
        "title": "Alcarrito",
        "content": "100% de tod@s",
        "company":"Inter Rapidísimo",
        "image": "/img/portfolio/project2/portadaAlcarrito.jpg",
        "mobileImage": "",
        "video": "https://vimeo.com/838815313?share=copy",
        "mobileVideo": "https://vimeo.com/841370458?share=copy",
        "url": "/proyectos/alcarrito"
    },
    {
        "id": 4,
        "title": "Pago en Casa",
        "content": "Paga cuando recibas y revises tus productos",
        "company":"Inter Rapidísimo",
        "image": "/img/portfolio/project2/full_page_frame.jpg",
        "mobileImage": "",
        "video": "https://vimeo.com/838806054?share=copy",
        "mobileVideo": "https://vimeo.com/841369930?share=copy",
        "url": "/proyectos/pagoencasa"
    }
]