{
  "teams": [
    {
      "id": 1,
      "image": "/img/team/1.jpg",
      "title": "Stephanie Lawrence",
      "sub": "CEO, Colabrio Media"
    },
    {
      "id": 2,
      "image": "/img/team/2.jpg",
      "title": "Alex Regelman",
      "sub": "CEO, Colabrio Media"
    },
    {
      "id": 3,
      "image": "/img/team/3.jpg",
      "title": "Stacey Stamper",
      "sub": "CEO, Colabrio Media"
    },
    {
      "id": 4,
      "image": "/img/team/4.jpg",
      "title": "Stephanie Lawrence",
      "sub": "CEO, Colabrio Media"
    }
  ],
  "skills": [
    {
      "id": 1,
      "text": "UI / UX Design",
      "value": "90%"
    },
    {
      "id": 2,
      "text": "Apps Development",
      "value": "80%"
    }
  ]
}
